{
    "materials":[{
        "depthWrite":true,
        "opacity":1,
        "visible":true,
        "DbgIndex":0,
        "specularCoef":50,
        "blending":1,
        "colorEmissive":[0,0,0],
        "shading":"phong",
        "vertexColors":false,
        "DbgName":"Material.003",
        "depthTest":true,
        "wireframe":false,
        "colorSpecular":[0.5,0.5,0.5],
        "doubleSided":false,
        "DbgColor":15658734,
        "transparent":false
    }],
    "faces":[34,0,2,4,0,0,0,0,35,6,0,4,7,0,0,0,0,0,35,2,3,5,4,0,1,1,1,1,34,3,1,5,0,1,1,1,35,1,8,9,5,0,2,2,2,2,34,10,14,12,0,3,3,3,35,14,10,16,17,0,4,4,4,4,35,12,14,15,13,0,3,3,3,3,34,13,15,11,0,4,4,4,35,11,15,19,18,0,5,5,5,5,35,9,8,18,19,0,6,6,6,6,35,6,7,17,16,0,6,6,6,6,35,4,5,15,14,0,6,6,6,6,35,5,9,19,15,0,7,7,7,7,35,1,3,13,11,0,8,8,8,8,35,0,6,16,10,0,7,7,7,7,35,8,1,11,18,0,9,9,9,9,35,3,2,12,13,0,10,10,10,10,35,7,4,14,17,0,9,9,9,9,35,2,0,10,12,0,11,11,11,11],
    "uvs":[],
    "metadata":{
        "materials":1,
        "generator":"io_three",
        "faces":20,
        "vertices":20,
        "uvs":0,
        "type":"Geometry",
        "normals":12,
        "colors":0,
        "version":3
    },
    "vertices":[-172.721,-14085.9,-44205,172.721,-14085.9,-44205,-150.842,-14066.5,-44205,150.842,-14066.5,-44205,-143.428,-14085.9,-44205,145.094,-14085.9,-44205,-172.721,-14227.9,-44205,-143.428,-14227.9,-44205,172.721,-14225.8,-44205,145.094,-14225.8,-44205,-172.721,-14085.9,-44226.7,172.721,-14085.9,-44226.7,-150.842,-14066.5,-44226.7,150.842,-14066.5,-44226.7,-143.428,-14085.9,-44226.7,145.094,-14085.9,-44226.7,-172.721,-14227.9,-44226.7,-143.428,-14227.9,-44226.7,172.721,-14225.8,-44226.7,145.094,-14225.8,-44226.7],
    "colors":[],
    "normals":[-0,0,-1,0,0,-1,0,0,-1,0,0,1,0,-0,1,0,-0,1,0,1,-0,1,0,-0,-0.661809,-0.749673,0,-1,0,0,0,-1,0,0.661809,-0.749673,0]
}