{
    "vertices":[-13.0179,6.17073,9.61725,-45.5197,13.9371,9.04296,46.6553,-3.03105,9.2652,-54.7313,-2.60822,3.23324,-18.3561,4.00807,12.0556,-27.6754,14.6772,8.81834,35.3186,16.593,7.55708,-46.3594,-2.95878,10.8219,21.1049,18.4185,11.1505,-26.5475,2.21884,10.159,27.2693,26.3072,-1.20101,-38.6701,12.6976,10.7981,-25.3818,22.1059,-2.40404,0.390236,22.4506,-12.04,-5.16088,25.3923,1.0912,-50.7859,20.2187,-2.44242,2.165,18.1303,-7.16384,-37.0934,23.8103,-1.09229,-29.0105,23.4864,-5.42058,49.4402,23.5865,-7.0477,-15.5608,23.424,3.44362,55.4826,-2.46298,3.12355,35.2723,-1.02931,-1.47388,-36.9676,-1.58835,-6.01964,-34.9292,23.1821,5.82641,-46.8487,19.7849,8.41878,7.36798,9.80258,12.3835,-46.5552,8.51922,9.69144,-3.22262,-1.77073,10.3159,-34.2689,10.1238,11.3169,21.4003,11.7549,8.39885,35.8888,10.0967,8.16429,10.3325,18.7457,11.4401,0.469317,11.7496,10.5981,13.8791,7.59669,9.00733,4.00661,16.2956,10.8006,19.2471,22.0388,8.58964,-15.4956,10.3991,9.59038,5.65128,22.8487,10.6991,2.17086,2.27881,9.88686,33.8268,21.4394,-2.22944,41.2395,18.1652,2.53476,26.1495,15.7395,7.8264,-0.279784,7.87035,10.6051,-31.4798,19.8361,8.30746,35.024,19.4459,7.50573,-49.3509,12.304,6.72119,51.6751,20.2217,-3.50671,-1.25931,4.16302,10.8132,-34.6656,5.60803,9.87317],
    "uvs":[[0.61125,0.147072,0.53963,-0.0208779,1.28933,-0.0650034,1.25996,0.751523,1.75447,-0.019098,2.14148,0.0638285,0.769376,0.343784,0.62806,0.425964,0.556954,0.357524,0.349712,0.442126,0.180993,0.750104,0.0267972,0.755463,-0.0070568,0.57044,0.692093,0.711379,0.951324,0.665443,0.884188,0.74931,-0.0442466,0.385829,0.123953,0.445914,0.381506,0.295037,0.534034,0.221616,0.194266,0.942768,0.420024,0.940239,0.158486,0.993366,0.101157,0.272059,0.329263,0.212824,0.197722,0.142934,-0.201875,0.52222,0.0881735,0.521697,-0.0981183,-0.0650033,-0.730472,-0.029243,0.546748,0.49007,-1.51149,0.0548977,-0.531855,0.929725,0.220056,0.872428,0.259166,0.936288,0.0658597,0.876006,0.84352,0.502318,0.859149,0.63434,1.0353,0.442512,0.692384,0.900574,1.23254,0.962814,0.808792,1.01259,0.133496,0.983054,0.105528,0.867095,0.280935,0.921795,0.557137,0.90675,-0.401395,0.97267,0.203584,0.595215,0.84871,0.970734,0.0120791,0.926784,0.770575,0.903535,0.551315,0.894993,0.412823,0.951392,1.31462,0.942499,0.527542,0.989152,0.0247542,0.912013,0.518051,0.932147,0.0120791,0.864284,-0.0785517,1.03193,0.481415,0.965999,0.518051,0.994647,0.0386177,0.999917,0.762772,0.900421,0.0576189,0.946863,0.673539,0.810722,0.598951,0.716899,0.561117,0.64729,1.54305,0.953961,1.2245,0.864708,1.51961,0.844586,1.27758,1.00744,1.19348,0.845627,1.61101,0.898843,0.808792,0.934465,0.518074,0.80151,0.58581,0.948812,0.388774,0.916801,0.667123,0.90601]],
    "metadata":{
        "vertices":50,
        "uvs":1,
        "generator":"io_three",
        "version":3,
        "type":"Geometry",
        "materials":1,
        "normals":50,
        "faces":84
    },
    "normals":[0.0713218,-0.0118717,0.997375,0.0120853,0.0893277,0.995911,0.354198,0.303323,0.884579,0.517777,0.554521,0.651418,0.822687,0.568346,0.0106204,0.505203,0.0231025,-0.862667,0.0754418,-0.343608,0.936064,0.0741905,0.0028077,0.997223,-0.0214545,-0.216895,0.975951,-0.0162053,-0.268136,0.963225,-0.0421766,0.323344,0.945311,-0.623432,0.464217,0.629109,-0.278085,-0.13892,0.950438,0.126743,-0.053621,0.990478,0.39787,0.0550859,0.915769,0.397656,0.672445,0.624226,-0.38554,0.155309,0.909513,0.0602435,-0.366588,0.928404,-0.0106815,0.353893,0.935209,0.0839564,-0.0970794,0.991699,-0.0949431,0.413282,0.905606,-0.000305185,0.101535,0.994812,-0.00686666,0.013245,0.999878,-0.0577715,-0.102695,0.993011,-0.916715,0.398968,0.0196844,-0.342479,0.0861538,0.935545,-0.923032,0.360668,-0.133793,-0.0430006,0.254555,0.966094,-0.736991,0.113681,-0.66625,-0.942473,0.24012,0.232429,-0.0762352,0.88171,0.46556,0.094821,0.39967,0.91171,0.066744,-0.324046,0.943663,0.205695,0.187231,0.960509,0.103305,0.790857,0.603198,0.295267,0.642293,0.707266,0.234046,0.945463,0.226417,-0.116184,0.896023,-0.42848,0.0153813,0.758446,0.651509,-0.0125431,0.37022,0.928831,-0.14771,0.597827,-0.787866,-0.232612,0.963927,0.129154,-0.0314646,0.964934,0.260506,0.11594,0.806696,0.579424,-0.0117801,0.946989,0.321024,-0.134617,0.974731,-0.178167,-0.166448,-0.767327,-0.619251,0.0528886,0.0380566,0.997864,0.00448622,-0.112308,0.993652,0.288278,0.5197,0.804224],
    "materials":[{
        "DbgColor":15658734,
        "shading":"lambert",
        "depthTest":true,
        "colorEmissive":[0,0,0],
        "blending":1,
        "visible":true,
        "colorDiffuse":[0.64,0.64,0.64],
        "wireframe":false,
        "transparent":false,
        "mapDiffuseRepeat":[1,1],
        "mapDiffuse":"rock.jpg",
        "depthWrite":true,
        "opacity":1,
        "mapDiffuseAnisotropy":1,
        "doubleSided":false,
        "DbgIndex":0,
        "mapDiffuseWrap":["repeat","repeat"],
        "DbgName":"Material.001"
    }],
    "faces":[42,39,28,2,0,0,1,2,0,1,2,42,41,21,22,0,3,4,5,3,4,5,42,34,26,43,0,6,7,8,6,7,8,42,26,37,43,0,7,9,8,7,9,8,42,44,25,1,0,10,11,12,10,11,12,42,8,6,45,0,13,14,15,13,14,15,42,27,37,29,0,16,9,17,16,9,17,42,0,48,43,0,18,19,8,18,19,8,42,29,37,11,0,20,21,22,17,9,20,42,0,27,49,0,18,16,23,18,16,21,42,39,4,9,0,0,24,25,0,22,23,42,9,28,39,0,25,1,0,23,1,0,42,0,4,48,0,18,24,19,18,22,19,42,46,27,11,0,26,16,27,24,16,20,42,7,27,3,0,28,16,29,25,16,26,42,33,11,37,0,30,27,9,27,20,9,42,4,0,49,0,24,18,23,22,18,21,42,46,25,23,0,26,11,31,24,11,28,42,15,23,25,0,32,31,11,29,28,11,42,46,11,1,0,26,27,12,24,20,12,42,46,1,25,0,26,12,11,24,12,11,42,44,24,25,0,33,34,35,10,30,11,42,30,42,33,0,36,37,30,31,32,27,42,0,43,37,0,18,8,9,18,8,9,42,31,34,2,0,38,6,2,33,6,2,42,30,31,6,0,36,38,14,31,33,14,42,36,40,10,0,39,40,41,34,35,36,42,17,25,24,0,42,43,44,37,11,30,42,39,48,4,0,0,19,24,0,19,22,42,24,44,38,0,34,33,45,30,10,38,42,25,17,15,0,43,42,46,11,37,29,42,9,49,7,0,25,23,28,23,21,25,42,5,1,11,0,47,12,27,39,12,20,42,13,18,10,0,48,49,50,40,41,36,42,38,36,20,0,51,39,52,38,34,42,42,19,13,10,0,53,48,50,43,40,36,42,10,18,14,0,54,55,56,36,41,44,42,18,12,14,0,57,58,59,41,45,44,42,14,17,20,0,60,42,52,44,37,42,42,17,24,20,0,42,44,52,37,30,42,42,20,10,14,0,52,41,60,42,36,44,42,16,18,13,0,61,57,62,46,41,40,42,24,38,20,0,44,51,52,30,38,42,42,12,17,14,0,58,63,59,45,37,44,42,0,37,27,0,18,9,16,18,9,16,42,39,2,34,0,0,2,6,0,2,6,42,39,34,43,0,0,6,8,0,6,8,42,41,45,6,0,3,15,14,3,15,14,42,41,36,45,0,3,64,15,3,34,15,42,45,36,8,0,15,64,13,15,34,13,42,32,35,8,0,65,66,13,47,48,13,42,47,40,41,0,67,40,68,49,35,3,42,47,19,40,0,69,70,71,49,43,35,42,41,22,47,0,3,5,72,3,5,49,42,15,17,12,0,32,63,58,29,37,45,42,10,40,19,0,73,71,70,36,35,43,42,38,32,36,0,74,65,64,38,47,34,42,33,37,26,0,75,76,77,27,9,7,42,35,44,33,0,66,10,30,48,10,27,42,35,33,42,0,66,30,37,48,27,32,42,27,7,49,0,16,28,23,16,25,21,42,26,30,33,0,7,36,30,7,31,27,42,48,39,43,0,19,0,8,19,0,8,42,42,30,6,0,37,36,14,32,31,14,42,6,8,42,0,14,13,37,14,13,32,42,32,38,44,0,65,74,10,47,38,10,42,49,9,4,0,23,25,24,21,23,22,42,26,34,31,0,7,6,38,7,6,33,42,11,27,29,0,27,16,17,20,16,17,42,1,5,44,0,12,47,10,12,39,10,42,36,32,8,0,64,65,13,34,47,13,42,6,31,41,0,14,38,3,14,33,3,42,36,41,40,0,39,68,40,34,3,35,42,32,44,35,0,65,10,66,47,10,48,42,33,5,11,0,30,47,27,27,39,20,42,30,26,31,0,36,7,38,31,7,33,42,7,28,9,0,28,1,25,25,1,23,42,36,10,20,0,39,41,52,34,36,42,42,33,44,5,0,30,10,47,27,10,39,42,41,2,21,0,3,2,4,3,2,4,42,46,3,27,0,26,29,16,24,26,16,42,31,2,41,0,38,2,3,33,2,3,42,46,23,3,0,26,31,29,24,28,26,42,42,8,35,0,37,13,66,32,13,48]
}