{
    "vertices":[-0.249998,1.05788,20.35,0.25,1.05788,20.35,-1.00168,0.0578749,17.4142,1.01777,0.057875,17.4009,-1.00168,0.0770899,17.9792,1.01777,0.07709,17.966,-1.00168,0.133996,18.5226,1.01777,0.133996,18.5093,-1.00168,0.226406,19.0233,1.01777,0.226406,19.01,-1.00168,0.350769,19.4622,1.01777,0.350769,19.4489,-0.948229,0.502311,19.8091,0.948231,0.502311,19.8091,-0.882128,0.675191,20.09,0.88213,0.675193,20.09,-0.686123,0.862791,20.2415,0.702217,0.862791,20.2415,-1.00167,0.0578741,-2.93109,1.01777,0.0578741,-2.94437,0,1.09693,20.3645,-0.466074,0.9802,20.3,0.482168,0.9802,20.3,-0.24435,0.990494,20.3808,0.244349,0.990494,20.3808,-1.00168,-0.00950626,17.4394,1.01777,-0.00950611,17.4394,-1.00168,0.00970861,18.0044,1.01777,0.00970888,18.0044,-1.00168,0.0666147,18.5477,1.01777,0.0666149,18.5477,-1,0.159025,19.0485,1.01777,0.159025,19.0485,-1,0.283388,19.4873,1.01777,0.283388,19.4873,-0.948225,0.434925,19.8475,0.964321,0.434925,19.8475,-0.880455,0.607812,20.1152,0.880453,0.607812,20.1152,-0.684448,0.795405,20.28,0.684448,0.795405,20.28,-1.00167,-0.00950721,-2.90592,1.01778,-0.00950712,-2.90592,-0.464399,0.89295,20.3372,0.464397,0.89295,20.3372,-0.24435,0.990494,20.3808,0.262119,0.990494,20.3423,-1.00168,-0.00950626,17.4142,1.01777,-0.00950611,17.4009,-1.00168,0.00970861,17.9792,1.01777,0.00970888,17.966,-1.00168,0.0666147,18.5226,1.01777,0.0666149,18.5093,-1.00168,0.159025,19.0233,1.01777,0.159025,19.01,-1.00168,0.283388,19.4622,1.01777,0.283388,19.4489,-0.948225,0.434925,19.8224,0.964315,0.434925,19.8091,-0.882132,0.607812,20.09,0.898228,0.607812,20.1152,-0.684448,0.795405,20.28,0.684448,0.795405,20.28,-1.00167,-0.00950721,-2.93109,1.01777,-0.00950712,-2.94437,0,0.967054,20.3645,0,0.795405,20.28,-0.466076,0.89295,20.312,0.482168,0.89295,20.2987,0,0.896239,20.3393],
    "faces":[43,2,4,5,3,0,0,1,2,3,0,1,2,3,43,4,6,7,5,0,1,4,5,2,1,4,5,2,43,6,8,9,7,0,4,6,7,5,4,6,7,5,43,8,10,11,9,0,6,8,9,7,6,8,9,7,43,10,12,13,11,0,8,10,11,9,8,10,11,9,43,12,14,15,13,0,10,12,13,11,10,12,13,11,43,15,14,16,17,0,13,12,14,15,13,12,14,15,43,3,19,18,2,0,3,16,17,0,3,16,17,0,42,20,0,1,0,18,19,20,18,19,20,43,39,61,67,43,0,14,14,21,21,21,22,23,24,43,36,58,56,34,0,11,11,9,9,25,26,27,28,43,33,55,57,35,0,8,8,10,10,29,30,31,32,43,23,45,46,24,0,19,19,20,20,33,34,35,36,43,40,62,60,38,0,15,15,13,13,37,38,39,40,43,30,52,50,28,0,5,5,2,2,41,42,43,44,43,37,59,61,39,0,12,12,14,14,45,46,22,21,43,27,49,51,29,0,1,1,4,4,47,48,49,50,43,41,63,47,25,0,17,17,0,0,51,52,53,54,43,34,56,54,32,0,9,9,7,7,28,27,55,56,43,26,48,64,42,0,3,3,16,16,57,58,59,60,43,31,53,55,33,0,6,6,8,8,61,62,30,29,43,38,60,58,36,0,13,13,11,11,40,39,26,25,43,22,44,40,17,0,22,22,15,15,63,64,37,15,43,2,25,27,4,0,0,0,1,1,0,54,47,1,43,12,35,37,14,0,10,10,12,12,10,32,45,12,43,19,42,41,18,0,16,16,17,17,16,60,51,17,43,5,28,26,3,0,2,2,3,3,2,44,57,3,43,15,38,36,13,0,13,13,11,11,13,40,25,11,43,8,31,33,10,0,6,6,8,8,6,61,29,8,43,3,26,42,19,0,3,3,16,16,3,57,60,16,43,11,34,32,9,0,9,9,7,7,9,28,56,7,43,18,41,25,2,0,17,17,0,0,17,51,54,0,43,4,27,29,6,0,1,1,4,4,1,47,50,4,43,14,37,39,16,0,12,12,14,14,12,45,21,14,43,7,30,28,5,0,5,5,2,2,5,41,44,2,43,17,40,38,15,0,15,15,13,13,15,37,40,13,43,0,23,24,1,0,19,19,20,20,19,33,36,20,43,10,33,35,12,0,8,8,10,10,8,29,32,10,43,13,36,34,11,0,11,11,9,9,11,25,28,9,43,16,39,43,21,0,14,14,21,21,14,21,24,65,43,6,29,31,8,0,4,4,6,6,4,50,61,6,43,23,0,21,43,0,19,19,21,21,33,19,65,24,43,1,24,44,22,0,20,20,22,22,20,36,64,63,43,9,32,30,7,0,7,7,5,5,7,56,41,5,43,47,48,50,49,0,0,3,2,1,53,58,43,48,43,49,50,52,51,0,1,2,5,4,48,43,42,49,43,51,52,54,53,0,4,5,7,6,49,42,55,62,43,53,54,56,55,0,6,7,9,8,62,55,27,30,43,55,56,58,57,0,8,9,11,10,30,27,26,31,43,57,58,60,59,0,10,11,13,12,31,26,39,46,42,61,59,60,0,14,12,13,22,46,39,42,60,62,66,0,13,15,23,39,38,66,42,60,66,61,0,13,23,14,39,66,22,43,69,68,46,65,0,24,22,20,18,67,68,35,69,43,48,47,63,64,0,3,0,17,16,58,53,52,59,43,67,69,65,45,0,21,24,18,19,23,67,69,34,43,61,66,69,67,0,14,23,24,21,22,66,67,23,43,66,62,68,69,0,23,15,22,24,66,38,68,67,42,65,46,45,0,18,20,19,69,35,34,43,29,51,53,31,0,4,4,6,6,50,49,62,61,43,43,67,45,23,0,21,21,19,19,24,23,34,33,43,24,46,68,44,0,20,20,22,22,36,35,68,64,43,32,54,52,30,0,7,7,5,5,56,55,42,41,43,44,68,62,40,0,22,22,15,15,64,68,38,37,43,25,47,49,27,0,0,0,1,1,54,53,48,47,43,35,57,59,37,0,10,10,12,12,32,31,46,45,43,42,64,63,41,0,16,16,17,17,60,59,52,51,43,28,50,48,26,0,2,2,3,3,44,43,58,57,43,22,17,16,21,0,22,15,14,21,63,15,14,65,43,0,1,22,21,0,25,25,25,25,19,20,63,65],
    "metadata":{
        "vertices":70,
        "uvs":1,
        "generator":"io_three",
        "colors":0,
        "version":3,
        "type":"Geometry",
        "materials":1,
        "normals":70,
        "faces":70
    },
    "colors":[],
    "normals":[-0.71099,0.703085,-0.0119938,-0.715262,0.697165,-0.0484024,0.714896,0.697531,-0.0482192,0.710868,0.703177,-0.0119022,-0.718101,0.688864,-0.098941,0.715629,0.691275,-0.099704,-0.724357,0.671499,-0.156041,0.717215,0.67861,-0.158238,-0.739616,0.649586,-0.175909,0.715476,0.673482,-0.185614,-0.724662,0.660482,-0.196417,0.676931,0.705405,-0.210059,-0.722037,0.690542,-0.0417188,0.716758,0.696036,-0.0419019,-0.533647,0.845393,0.0218513,0.566149,0.822993,0.0459914,0.529893,0.452773,-0.717063,-0.585467,0.435408,-0.683798,0,-0.347575,0.93762,-0.179724,0.968719,0.171026,0.172765,0.96878,0.177618,-0.0578936,-0.581622,0.811365,0.35197,-0.854457,0.382031,0.229957,-0.797357,0.557939,0.0297555,-0.538316,0.842189,0.224738,0.841487,-0.491287,-0.634938,-0.733604,0.242103,-0.720298,-0.658528,0.217872,0.218604,-0.943968,0.247108,-0.141148,-0.977264,0.158086,0.795312,-0.573077,0.197485,0.639424,-0.726432,0.251717,-0.140996,-0.877957,0.457442,0.0132756,-0.48323,0.875362,0.121738,-0.868679,0.480117,-0.15775,-0.848537,0.50502,0.0409558,-0.48204,0.875179,0.740135,0.326609,0.587756,-0.307321,-0.915281,0.260292,-0.82992,-0.549242,0.0975677,0.482955,0.789178,-0.379345,0.000701926,-0.98352,0.180639,-0.715171,-0.691763,0.0997345,-0.713401,-0.699057,0.0482192,0.000427259,-0.99469,0.102878,-0.329905,-0.750206,0.572985,0.617267,-0.728965,0.295877,0.0993072,-0.995056,0,0.715262,-0.697165,0.0484024,0.719504,-0.687338,0.0990326,-0.0896634,0.978698,-0.184606,-0.353069,0.882229,-0.31135,0.102634,0.99469,0.000335704,0.987884,-0.0442824,0.148564,0.106326,0.994324,-0.000366222,-0.716971,-0.678854,0.1583,0.000335704,-0.962432,0.271432,0.00222785,-0.99939,0.0341197,-0.00552385,-0.999939,0.00845363,0.00021363,0.999969,0.00119022,0.617542,-0.664327,-0.421003,-0.122623,0.956298,-0.265358,0.778802,-0.609882,0.146458,0.403851,0.914762,-0.00927763,-0.0863674,-0.61916,0.78048,-0.400464,0.915586,-0.0361339,-9.15555e-05,-0.537706,0.843104,0.0184942,-0.36961,0.928983,-0.266396,-0.815516,0.513749,0.0528886,-0.155583,0.986389],
    "materials":[{
        "DbgColor":15658734,
        "shading":"phong",
        "depthTest":true,
        "colorEmissive":[0,0,0],
        "specularCoef":50,
        "vertexColors":false,
        "blending":1,
        "visible":true,
        "mapDiffuse":"UV_Grid_Sm.png",
        "wireframe":false,
        "transparent":false,
        "mapDiffuseRepeat":[1,1],
        "colorSpecular":[0.5,0.5,0.5],
        "depthWrite":true,
        "opacity":1,
        "mapDiffuseAnisotropy":1,
        "doubleSided":false,
        "DbgIndex":0,
        "mapDiffuseWrap":["repeat","repeat"],
        "DbgName":"Material.001"
    }],
    "uvs":[[0.457755,0.174563,0.457755,0.143795,0.566661,0.143795,0.566661,0.174563,0.457755,0.11421,0.566661,0.11421,0.457755,0.0869438,0.566661,0.0869438,0.457755,0.063045,0.566661,0.063045,0.460666,0.0434317,0.563751,0.0434317,0.464265,0.0288577,0.560152,0.0288577,0.474938,0.0198831,0.549479,0.0198831,0.566661,1.28243,0.457755,1.28243,0.512208,0.0152822,0.498903,0.0143937,0.525514,0.0143937,0.48692,0.0167696,0.537496,0.0167696,0.512208,0.0198831,0.512208,0.0166539,0,0]]
}