{
    "colors":[],
    "faces":[41,16,17,2,3,0,1,2,3,0,1,2,3,41,18,7,6,19,4,5,6,7,4,5,6,7,41,0,4,5,1,8,9,10,11,8,9,10,11,41,17,19,6,2,12,7,6,13,1,7,6,2,41,2,6,7,3,13,6,5,14,2,6,5,3,41,18,16,3,7,4,15,14,5,4,0,3,5,41,14,12,8,10,16,17,18,19,12,13,14,15,41,13,15,11,9,20,21,22,23,16,17,18,19,41,14,10,11,15,16,19,22,21,12,15,18,17,41,12,13,9,8,24,25,26,27,13,16,19,14,41,0,1,13,12,28,29,30,31,8,11,16,13,41,4,14,15,5,32,33,34,35,9,12,17,10,41,1,5,15,13,36,32,37,38,11,10,17,16,41,4,0,12,14,32,39,40,41,9,8,13,12,41,10,8,16,18,19,18,15,4,15,14,0,4,41,9,11,19,17,23,22,7,12,19,18,7,1,41,10,18,19,11,19,4,7,22,15,4,7,18,41,8,9,17,16,27,26,1,0,14,19,1,0],
    "vertices":[26.9614,-0.0998393,-0.998392,26.9614,-0.0998392,0.998392,-20.8973,-1.03289,0.275773,-20.8973,-1.03289,-0.275773,26.9614,0.0998392,-0.998391,26.9614,0.0998393,0.998393,-20.9225,-0.983805,0.275773,-20.9224,-0.983804,-0.275773,-20.0339,-0.337682,-0.918551,-20.034,-0.337684,0.91855,-20.1177,-0.174175,-0.91855,-20.1177,-0.174182,0.91855,-18.833,-0.0998393,-0.998392,-18.833,-0.0998392,0.998392,-18.833,0.0998392,-0.998392,-18.833,0.0998393,0.998392,-20.6586,-0.763682,-0.789083,-20.6586,-0.763685,0.789083,-20.7305,-0.623223,-0.789083,-20.7305,-0.623227,0.789083],
    "normals":[-0.0303049,-0.739006,-0.672994,-0.0303049,-0.739006,0.672994,-0.170019,-0.954802,0.243751,-0.170019,-0.954802,-0.243751,-0.728538,0.294351,-0.618519,-0.976897,-0.0572527,-0.205847,-0.976897,-0.0572527,0.205847,-0.728538,0.294351,0.618519,0.577319,-0.577319,-0.577349,0.577349,0.577349,-0.577319,0.577319,0.577319,0.577349,0.577349,-0.577349,0.577319,-0.0941191,0.715598,-0.692129,0.0406201,-0.677206,-0.734642,0.159398,-0.630909,-0.75927,-0.363781,0.646016,-0.671041,0.0406201,-0.677206,0.734642,-0.0941191,0.715598,0.692129,-0.363781,0.646016,0.671041,0.159398,-0.630909,0.75927],
    "metadata":{
        "faces":18,
        "vertices":20,
        "generator":"io_three",
        "version":3,
        "colors":0,
        "type":"Geometry",
        "normals":20,
        "uvs":1
    },
    "uvs":[[0.484554,0.237662,0.282479,0.237659,0.348205,0,0.418828,1.34489e-06,0.0268008,0.361661,0.0925275,0.0433363,0.16315,0.0433352,0.228877,0.361657,0.767025,0.176278,0.511355,0.176278,0.511355,0,0.767025,2.1014e-08,0.228877,0.237661,0.16315,0,0.0925274,1.34489e-06,0.0268008,0.237664,6.09583e-08,1,0,0.823722,0.0102233,0.613744,0.0102233,0.758088,0.255678,0.823722,0.255678,1,0.245454,0.758082,0.245454,0.613742,0.511355,0.823742,0.255678,0.823742,0.265901,0.613743,0.501132,0.613745,0.755678,0.352556,0.755678,0.528834,0.511355,0.528834,0.511355,0.352556,0.755678,0.352556,0.511355,0.352556,0.511355,0.176278,0.755678,0.176278,0.755678,0.528834,1,0.352556,1,0.528834,0.755678,0.176278,1,0.176278,1,0.352556]]
}