{
    "vertices":[26.9614,-0.0998393,-0.998392,26.9614,-0.0998392,0.998392,-20.8973,-1.03289,0.275773,-20.8973,-1.03289,-0.275773,26.9614,0.0998392,-0.998391,26.9614,0.0998393,0.998393,-20.9225,-0.983805,0.275773,-20.9224,-0.983804,-0.275773,-20.0339,-0.337682,-0.918551,-20.034,-0.337684,0.91855,-20.1177,-0.174175,-0.91855,-20.1177,-0.174182,0.91855,-18.833,-0.0998393,-0.998392,-18.833,-0.0998392,0.998392,-18.833,0.0998392,-0.998392,-18.833,0.0998393,0.998392,-20.6586,-0.763682,-0.789083,-20.6586,-0.763685,0.789083,-20.7305,-0.623223,-0.789083,-20.7305,-0.623227,0.789083],
    "normals":[-0.0303049,-0.739006,-0.672994,-0.0303049,-0.739006,0.672994,-0.170019,-0.954802,0.243751,-0.170019,-0.954802,-0.243751,-0.728538,0.294351,-0.618519,-0.976897,-0.0572527,-0.205847,-0.976897,-0.0572527,0.205847,-0.728538,0.294351,0.618519,0.577319,-0.577319,-0.577349,0.577349,0.577349,-0.577319,0.577319,0.577319,0.577349,0.577349,-0.577349,0.577319,-0.0941191,0.715598,-0.692129,0.0406201,-0.677206,-0.734642,0.159398,-0.630909,-0.75927,-0.363781,0.646016,-0.671041,0.0406201,-0.677206,0.734642,-0.0941191,0.715598,0.692129,-0.363781,0.646016,0.671041,0.159398,-0.630909,0.75927],
    "metadata":{
        "generator":"io_three",
        "version":3,
        "faces":18,
        "type":"Geometry",
        "normals":20,
        "vertices":20,
        "uvs":1
    },
    "uvs":[[0,0,1,0,1,1,0,1]],
    "faces":[41,16,17,2,3,0,1,2,3,0,1,2,3,41,18,7,6,19,0,1,2,3,4,5,6,7,41,0,4,5,1,0,1,2,3,8,9,10,11,41,17,19,6,2,0,1,2,3,1,7,6,2,41,2,6,7,3,0,1,2,3,2,6,5,3,41,18,16,3,7,0,1,2,3,4,0,3,5,41,14,12,8,10,0,1,2,3,12,13,14,15,41,13,15,11,9,0,1,2,3,16,17,18,19,41,14,10,11,15,0,1,2,3,12,15,18,17,41,12,13,9,8,0,1,2,3,13,16,19,14,41,0,1,13,12,0,1,2,3,8,11,16,13,41,4,14,15,5,0,1,2,3,9,12,17,10,41,1,5,15,13,0,1,2,3,11,10,17,16,41,4,0,12,14,0,1,2,3,9,8,13,12,41,10,8,16,18,0,1,2,3,15,14,0,4,41,9,11,19,17,0,1,2,3,19,18,7,1,41,10,18,19,11,0,1,2,3,15,4,7,18,41,8,9,17,16,0,1,2,3,14,19,1,0]
}