{
    "metadata":{
        "vertices":26,
        "normals":16,
        "generator":"io_three",
        "uvs":0,
        "version":3,
        "type":"Geometry",
        "faces":16
    },
    "verts":[-50,2.18557e-06,50,50,2.18557e-06,50,-50,-2.18557e-06,-50,50,-2.18557e-06,-50,-50,0,0,0,2.18557e-06,50,47.915,4.94721,-0.0867139,0,-2.18557e-06,-50,0,0,0,-50,1.09278e-06,25,25,2.18557e-06,50,50,-1.09278e-06,-25,-25,-2.18557e-06,-50,-57.0326,16.7981,-30.0774,-25,2.18557e-06,50,50,1.09278e-06,25,25,-2.18557e-06,-50,-2.21463,5.4114,-31.829,0,1.09278e-06,25,-25,0,0,25,0,0,20.0521,11.6305,29.5234,-23.0995,-4.44242,22.1923,-25,-1.09278e-06,-25,23.0305,4.88566,-34.2234,25.2307,-0.549472,25.1017],
    "vertices":[-50,2.18557e-06,50,50,2.18557e-06,50,-50,-2.18557e-06,-50,50,-2.18557e-06,-50,-50,0,0,0,2.18557e-06,50,47.915,4.94721,-0.0867139,0,-2.18557e-06,-50,0,0,0,-50,1.09278e-06,25,25,2.18557e-06,50,50,-1.09278e-06,-25,-25,-2.18557e-06,-50,-57.0326,16.7981,-30.0774,-25,2.18557e-06,50,50,1.09278e-06,25,25,-2.18557e-06,-50,-2.21463,5.4114,-31.829,0,1.09278e-06,25,-25,0,0,25,0,0,20.0521,11.6305,29.5234,-23.0995,-4.44242,22.1923,-25,-1.09278e-06,-25,23.0305,4.88566,-34.2234,25.2307,-0.549472,25.1017],

    "normals":[0.112831,0.987187,-0.112831,-0.129878,0.982987,-0.129878,-0.0971541,0.990516,0.0971541,0.114744,0.986746,-0.114745,-0.222667,0.949125,-0.222667,-0.265907,0.9266,0.265907,0.219281,0.950701,0.219281,0.0897582,0.991911,0.0897581,0.0806719,0.993471,-0.080672,-0.086608,0.992471,-0.0866081,0.294039,0.909441,-0.294039,0.25261,0.934011,0.25261,-0.0981252,0.990325,0.0981251,-0.00384164,0.956808,-0.290695,0.017626,0.988082,0.152918,-0.00104274,0.999999,-0.00104278],
    "uvs":[],
    "faces":[33,24,11,3,16,0,0,0,0,33,23,17,7,12,1,1,1,1,33,22,18,8,19,2,2,2,2,33,21,15,6,20,3,3,3,3,33,18,21,20,8,4,4,4,4,33,5,10,21,18,5,5,5,5,33,10,1,15,21,6,6,6,6,33,9,22,19,4,7,7,7,7,33,0,14,22,9,8,8,8,8,33,14,5,18,22,9,9,9,9,33,13,23,12,2,10,10,10,10,33,4,19,23,13,11,11,11,11,33,19,8,17,23,12,12,12,12,33,17,24,16,7,13,13,13,13,33,8,20,24,17,14,14,14,14,33,20,6,11,24,15,15,15,15]
}